[
  {
    "id": "tvbrasil",
    "title": "TV Brasil",
    "category": "Brasil",
    "url": "https://streaming.cdn.ebc.com.br/tvbrasil/playlist.m3u8"
  },
  {
    "id": "tvcamara",
    "title": "TV Câmara",
    "category": "Brasil",
    "url": "https://streaming.camara.leg.br/hls/live.m3u8"
  },
  {
    "id": "france24",
    "title": "France24 (EN)",
    "category": "Notícias",
    "url": "https://static.france24.com/live/F24_EN_LO_HLS/live_web.m3u8"
  },
  {
    "id": "euronews",
    "title": "Euronews",
    "category": "Notícias",
    "url": "https://euronews-euronews-world-1-eu.player.api.allente.se/live/eurnews-world.m3u8"
  }
]